canonical_name,college,draft_year,round,pick,label_status,success_tier,hit,seasons_primary_starter,model_hit_prob_pre_draft,model_hit_prob_post_draft,model_expected_tier,percentile_vs_history,top_positive_indicators,top_negative_indicators,data_coverage,notes
Baker Mayfield,Oklahoma,2018,1,1,final,3,1.0,7,0.9158414546056066,0.9192435234513454,2.8237738910996306,100.0,Career total production (PPA); Career PPA per play; Passing-down efficiency (final yr),Broad-jump explosiveness; Weight/frame; College seasons (age/declare proxy),"has PFF, combine",Ended CLE playoff drought 2020; career revival in TB with Pro Bowl seasons and 100M+ deal
Jalen Hurts,Oklahoma,2020,2,53,final,4,1.0,5,0.8490080045033213,0.439119529954471,3.1051270282114753,99.2,Career PPA per play; College seasons (age/declare proxy); Broad-jump explosiveness,Career total production (PPA); Power-5 competition,"no PFF years yet, combine","SB LIX MVP, 2 SB appearances, second-team All-Pro 2022"
Deshaun Watson,Clemson,2017,1,12,final,3,1.0,3,0.7139437315999794,0.6154103990042837,2.533030431137888,98.3,Career total production (PPA); Career PPA per play; Broad-jump explosiveness,College seasons (age/declare proxy); Power-5 competition,"has PFF, combine","Elite HOU peak (led NFL passing yards 2020, 3 Pro Bowls); trade + suspension + injuries cratered CLE tenure"
Bo Nix,Oregon,2024,1,12,projection_target,3,,2,0.7081986124191557,0.5403447772008539,2.4852723977005526,97.5,Career PPA per play; Career total production (PPA); College seasons (age/declare proxy),Weight/frame; Power-5 competition,"no PFF years yet, combine (no 40)","Playoffs as rookie, strong 2025 with DEN near top of AFC"
Jaxson Dart,Ole Miss,2025,1,25,projection_target,2,,1,0.7009972986666447,0.49015712300761183,2.4748922516742122,96.7,Career total production (PPA); Career PPA per play; Passing-down efficiency (final yr),College seasons (age/declare proxy); Power-5 competition,"no PFF years yet, combine (no 40)","Took over mid-2025, promising play, some injuries/concussions"
Mason Rudolph,Oklahoma State,2018,3,76,final,1,0.0,1,0.6722099047005289,0.3753481543914692,2.248437770495194,95.8,Career total production (PPA); Weight/frame; Career PPA per play,College seasons (age/declare proxy); 40-yard speed; Power-5 competition,"has PFF, combine","Long-time PIT backup; 8 starts 2019, late-2023 playoff-push starter"
Jayden Daniels,LSU,2024,1,2,projection_target,4,,2,0.6507325681341953,0.6912274010678195,2.4123096011653127,95.0,Career PPA per play; Career total production (PPA); Passing-down efficiency (final yr),Weight/frame; Power-5 competition,"no PFF years yet, combine (no 40)",OROY 2024 + NFC title game run as rookie; injury-marred 2025 but elite trajectory
Joe Burrow,LSU,2020,1,1,final,4,1.0,5,0.6469574542706481,0.7561643501271802,2.5735283931902755,94.2,Career total production (PPA); Career PPA per play; Passing-down efficiency (final yr),Power-5 competition,"no PFF years yet, combine (no 40)","Franchise/elite: SB LVI run, led NFL in completion pct multiple times; injuries the only blemish"
Marcus Mariota,Oregon,2015,1,2,final,2,0.0,4,0.6345859646434008,0.6561724365510809,2.288453567902959,93.3,Career PPA per play; College seasons (age/declare proxy); Passing-down efficiency (final yr),Career total production (PPA); Power-5 competition,"has PFF, no combine testing",4 seasons TEN starter incl 2017 playoff win; lost job 2019; long backup/bridge career since
C.J. Stroud,Ohio State,2023,1,2,provisional,3,1.0,3,0.6218220160920376,0.7051163150181231,2.1467132609812962,92.5,Career PPA per play; Career total production (PPA); College seasons (age/declare proxy),Weight/frame; Power-5 competition,"no PFF years yet, combine (no 40)",OROY + playoff win yr 1; sophomore slump behind bad OL; solid-not-spectacular since
Justin Herbert,Oregon,2020,1,6,final,4,1.0,6,0.6153931063011913,0.642111551086801,2.252390411569581,91.7,Career total production (PPA); Broad-jump explosiveness; Weight/frame,College seasons (age/declare proxy); Power-5 competition,"no PFF years yet, combine","OROY, multiple 4500+ yd seasons, mega extension; elite physical production"
Caleb Williams,USC,2024,1,1,projection_target,3,,2,0.582071635936558,0.7550278333597017,2.2378716729832417,90.8,Career total production (PPA); Career PPA per play; College seasons (age/declare proxy),Weight/frame; Power-5 competition,"no PFF years yet, combine (no 40)",Rough rookie year behind poor structure; clear step forward 2025 under Ben Johnson
Will Howard,Ohio State,2025,6,185,projection_target,1,,0,0.5275296036553866,0.13934722889937673,2.2080247603920196,90.0,Career PPA per play; College seasons (age/declare proxy); Weight/frame,Career total production (PPA); Broad-jump explosiveness; Power-5 competition,"no PFF years yet, combine (no 40)",Hand injury wiped out most of rookie year
Tua Tagovailoa,Alabama,2020,1,5,final,3,1.0,6,0.524816758562869,0.4991286296314136,2.01062654616983,89.2,Career PPA per play; Passing-down efficiency (final yr); Career total production (PPA),Weight/frame; College seasons (age/declare proxy); Power-5 competition,"no PFF years yet, combine (no 40)","Led NFL in passer rating 2023, Pro Bowl, big extension; concussion history and late-season fades cap the ceiling"
Justin Fields,Ohio State,2021,1,11,final,2,0.0,4,0.5205552880717271,0.4119797799836061,2.3262206741002895,88.3,Career PPA per play; College seasons (age/declare proxy); 40-yard speed,Power-5 competition,"no PFF years yet, combine","Electric runner, 3 seasons CHI starter without passing breakout; PIT stopgap 2024, NYJ starter 2025 (benched mid-season)"
Kyler Murray,Oklahoma,2019,1,1,final,3,1.0,6,0.5107568511168772,0.695125771490846,1.739689608348034,87.5,Career PPA per play; Passing-down efficiency (final yr); Career total production (PPA),Weight/frame; College seasons (age/declare proxy); Power-5 competition,"has PFF, combine (no 40)","OROY, 2 Pro Bowls, mega extension; injuries and inconsistency keep him below elite tier"
Patrick Mahomes,Texas Tech,2017,1,10,final,4,1.0,8,0.5029021742290429,0.49080423003466644,2.2291513351330137,86.7,Career total production (PPA); Passing-down efficiency (final yr); Career PPA per play,College seasons (age/declare proxy); Power-5 competition; Broad-jump explosiveness,"has PFF, combine","Generational: multiple MVPs, 3 Super Bowl titles, 5 SB appearances through 2025"
Michael Penix Jr.,Washington,2024,1,8,projection_target,2,,1,0.48903309560272434,0.4966707748420506,2.1015888174670043,85.8,Career total production (PPA); Career PPA per play; College seasons (age/declare proxy),Weight/frame; Power-5 competition; Passing-down efficiency (final yr),"no PFF years yet, combine (no 40)",Took over late 2024; uneven 2025 cut short by knee injury
Trevor Lawrence,Clemson,2021,1,1,final,3,1.0,5,0.45897360728812053,0.7279039207639588,1.9292480663622213,85.0,Career total production (PPA); Career PPA per play; Passing-down efficiency (final yr),Weight/frame; College seasons (age/declare proxy); Power-5 competition,"no PFF years yet, combine (no 40)","Franchise starter: 2022 playoff comeback win, $55M/yr extension 2024; consistency and injuries still questions"
Cam Ward,Miami (FL),2025,1,1,projection_target,2,,1,0.45537879966039085,0.6102549016028587,2.155602346328316,84.2,Career PPA per play; College seasons (age/declare proxy); Passing-down efficiency (final yr),Career total production (PPA); Weight/frame; Power-5 competition,"no PFF years yet, combine (no 40)",Full-time rookie starter on weak TEN roster; flashes amid struggles
Sam Howell,North Carolina,2022,5,144,final,1,0.0,1,0.43232211427537,0.20031623456276057,1.9434023117882897,83.3,Career total production (PPA); Career PPA per play; Passing-down efficiency (final yr),College seasons (age/declare proxy); Weight/frame; Power-5 competition,"no PFF years yet, combine (no 40)","Full-season WAS starter 2023 (led NFL in attempts and sacks taken), backup since (SEA/MIN)"
Lamar Jackson,Louisville,2018,1,32,final,4,1.0,7,0.4196832281123935,0.33974136118751613,2.041246714314623,82.5,Career total production (PPA); Career PPA per play; Passing-down efficiency (final yr),Weight/frame; College seasons (age/declare proxy); Power-5 competition,"has PFF, combine (no 40)","2x MVP (2019, 2023), redefined position, mega extension"
Desmond Ridder,Cincinnati,2022,3,74,final,1,0.0,1,0.37659924403466016,0.3192025193542543,1.6023471368189826,81.7,Career total production (PPA); Broad-jump explosiveness; Power-5 competition,College seasons (age/declare proxy); Weight/frame; Passing-down efficiency (final yr),"no PFF years yet, combine","13 starts 2023, replaced; journeyman backup"
Clayton Tune,Houston,2023,5,139,provisional,1,0.0,0,0.3638721135306987,0.2239090860733913,1.5678649135251586,80.8,Career total production (PPA); Broad-jump explosiveness; Passing-down efficiency (final yr),College seasons (age/declare proxy); Career PPA per play; Weight/frame,"no PFF years yet, combine","ARI backup, minimal action"
Paxton Lynch,Memphis,2016,1,26,final,0,0.0,0,0.3469063967704658,0.2901653739237777,1.7323517208739492,80.0,Weight/frame; College seasons (age/declare proxy); Broad-jump explosiveness,Career total production (PPA); Career PPA per play; 40-yard speed,"has PFF, combine","4 career starts, classic first-round bust"
Chad Kelly,Ole Miss,2017,7,253,final,0,0.0,0,0.34139506615632437,0.11776663668498379,1.8069383257640996,79.2,Career PPA per play; Career total production (PPA); College seasons (age/declare proxy),Passing-down efficiency (final yr); Power-5 competition,"has PFF, no combine testing","Mr. Irrelevant; brief NFL tenure, went to CFL stardom"
Kyle Trask,Florida,2021,2,64,final,1,0.0,0,0.28885947833161574,0.16722224948408007,1.571792141809133,78.3,Weight/frame; Career PPA per play; Passing-down efficiency (final yr),40-yard speed; College seasons (age/declare proxy); Broad-jump explosiveness,"no PFF years yet, combine","Career TB backup, minimal action"
Anthony Richardson,Florida,2023,1,4,provisional,1,0.0,1,0.27126308256593057,0.40846086239294166,2.109573626198743,77.5,Broad-jump explosiveness; Weight/frame; 40-yard speed,Career total production (PPA); Career PPA per play; College seasons (age/declare proxy),"no PFF years yet, combine","Elite tools, injuries + sub-50% accuracy, benched 2024, lost 2025 job to Daniel Jones; trending bust"
Mitch Trubisky,North Carolina,2017,1,2,final,2,0.0,4,0.26387723740028324,0.4833963793276265,1.4250258709135815,76.7,Career PPA per play; Passing-down efficiency (final yr); Broad-jump explosiveness,Career total production (PPA); College seasons (age/declare proxy); Power-5 competition,"has PFF, combine","4 seasons CHI starter, 2 playoff berths, Pro Bowl alternate 2018; backup since 2021"
Brandon Doughty,Western Kentucky,2016,7,223,final,0,0.0,0,0.2631352034367445,0.1179489721357368,0.9434100416570326,75.8,Career total production (PPA); Career PPA per play; College seasons (age/declare proxy),Broad-jump explosiveness; 40-yard speed; Weight/frame,"has PFF, combine",Never appeared in a regular-season game
Dak Prescott,Mississippi State,2016,4,135,final,4,1.0,8,0.25521848812554976,0.12338669258413575,1.9101965807530457,75.0,College seasons (age/declare proxy); Career total production (PPA); Weight/frame,Power-5 competition; Passing-down efficiency (final yr); Career PPA per play,"has PFF, combine","Franchise QB steal in R4: OROY, multiple Pro Bowls, led NFL in TD passes 2023, two mega contracts"
Brock Purdy,Iowa State,2022,7,262,final,3,1.0,3,0.2530007441633255,0.12996461775221033,1.3748726076668678,74.2,Career total production (PPA); Career PPA per play,College seasons (age/declare proxy); Weight/frame; Passing-down efficiency (final yr),"no PFF years yet, combine","Mr. Irrelevant to SB LVIII starter, NFC title games, mega extension 2025; injuries hampered 2025"
Will Levis,Kentucky,2023,2,33,provisional,1,0.0,2,0.2493844701763297,0.211119604124783,1.860265781882267,73.3,Broad-jump explosiveness; College seasons (age/declare proxy); Weight/frame,Career total production (PPA); Passing-down efficiency (final yr); Power-5 competition,"no PFF years yet, combine (no 40)","21 turbulent starts 2023-24, missed 2025 with shoulder surgery; trending backup"
Dorian Thompson-Robinson,UCLA,2023,5,140,provisional,1,0.0,0,0.24182117645949056,0.1703835305115618,1.4735388560122653,72.5,Career total production (PPA); Broad-jump explosiveness; Career PPA per play,College seasons (age/declare proxy); Weight/frame; Power-5 competition,"no PFF years yet, combine","CLE spot starter 2023-24, traded to PHI as backup"
Bailey Zappe,Western Kentucky,2022,4,137,final,1,0.0,0,0.24027788665126582,0.09840072270907717,1.4335208894825677,71.7,College seasons (age/declare proxy); Career PPA per play; Passing-down efficiency (final yr),Career total production (PPA); Broad-jump explosiveness; Weight/frame,"no PFF years yet, combine","Spot starter NE 2022-23, journeyman 3rd QB since"
Kurtis Rourke,Indiana,2025,7,227,projection_target,0,,0,0.23764694991228405,0.06988804817538156,1.6620364771174898,70.8,Career PPA per play; College seasons (age/declare proxy); Passing-down efficiency (final yr),Career total production (PPA); Power-5 competition; Weight/frame,"no PFF years yet, combine (no 40)",Drafted while rehabbing ACL; redshirt rookie year
Hendon Hooker,Tennessee,2023,3,68,provisional,1,0.0,0,0.23482862219845316,0.1571576550468512,1.5545129593968883,70.0,Career PPA per play; College seasons (age/declare proxy); Career total production (PPA),Weight/frame; Passing-down efficiency (final yr); Power-5 competition,"no PFF years yet, combine (no 40)","Older prospect off ACL; DET 3rd QB, little action"
Matt Corral,Ole Miss,2022,3,94,final,0,0.0,0,0.2214410104021111,0.16347775822013674,1.054917240967636,69.2,Career PPA per play; Career total production (PPA),College seasons (age/declare proxy); Weight/frame; Passing-down efficiency (final yr),"no PFF years yet, combine (no 40)","Never appeared in a regular-season game (injury, released)"
Garrett Grayson,Colorado State,2015,3,75,final,0,0.0,0,0.2213191389968997,0.12586356654193478,1.3560991983382444,68.3,College seasons (age/declare proxy); Career PPA per play; Power-5 competition,Career total production (PPA),"has PFF, no combine testing",Never threw a regular-season NFL pass
Drake Maye,North Carolina,2024,1,3,projection_target,4,,2,0.21551413726786675,0.455362474203356,1.5889880899093272,67.5,Career total production (PPA); Weight/frame; Career PPA per play,College seasons (age/declare proxy); Power-5 competition,"no PFF years yet, combine (no 40)",2025 breakout: MVP-caliber efficiency leading NE resurgence
Jared Goff,California,2016,1,1,final,4,1.0,9,0.20808104296591876,0.5223514258774816,1.703026364682293,66.7,Career total production (PPA); College seasons (age/declare proxy); Career PPA per play,Broad-jump explosiveness; Weight/frame; Power-5 competition,"has PFF, combine","Franchise QB: SB LIII with Rams, revived Lions into contender, multiple Pro Bowls and mega extensions"
J.J. McCarthy,Michigan,2024,1,10,projection_target,2,,1,0.202035301405219,0.2861901097938283,1.3760226952538428,65.8,Career PPA per play; Career total production (PPA); Passing-down efficiency (final yr),College seasons (age/declare proxy); Weight/frame; Power-5 competition,"no PFF years yet, combine (no 40)",Missed 2024 (meniscus); up-and-down injury-interrupted 2025
Sam Ehlinger,Texas,2021,6,218,final,1,0.0,0,0.1982957812185068,0.11610696039944798,1.4442687075643645,65.0,Career total production (PPA),College seasons (age/declare proxy); Career PPA per play; Power-5 competition,"no PFF years yet, combine","3 starts, multi-year IND backup"
Josh Allen,Wyoming,2018,1,7,final,4,1.0,8,0.18989649979003706,0.36175927061344004,0.9556346670664583,64.2,Weight/frame; Broad-jump explosiveness; Career PPA per play,Career total production (PPA); Passing-down efficiency (final yr); College seasons (age/declare proxy),"has PFF, combine","Franchise/elite: MVP 2024, perennial All-Pro candidate, deep playoff runs"
Logan Woodside,Toledo,2018,7,249,final,1,0.0,0,0.18634653239401178,0.09575897800302703,0.7990411591271509,63.3,Career total production (PPA); Career PPA per play; Power-5 competition,Broad-jump explosiveness; Weight/frame; College seasons (age/declare proxy),"has PFF, combine","Multi-year TEN QB2/3, minimal action"
Malik Willis,Liberty,2022,3,86,final,1,0.0,0,0.17832020176711272,0.12680822603743946,1.371631887185613,62.5,Career PPA per play; College seasons (age/declare proxy); Career total production (PPA),Passing-down efficiency (final yr); Weight/frame; Power-5 competition,"no PFF years yet, combine (no 40)",Bust as TEN prospect; useful GB backup with quality spot starts 2024
Connor Cook,Michigan State,2016,4,100,final,0,0.0,0,0.17828170563447204,0.10377601998112536,1.5274639312761873,61.7,Career PPA per play; College seasons (age/declare proxy); Passing-down efficiency (final yr),Weight/frame; Career total production (PPA); Broad-jump explosiveness,"has PFF, combine","1 career start (playoff), quickly out"
Joe Milton,Tennessee,2024,6,193,projection_target,1,,0,0.1775404272501905,0.08313163721951503,1.333425273105293,60.8,Broad-jump explosiveness; Weight/frame; Career PPA per play,Career total production (PPA); College seasons (age/declare proxy); Power-5 competition,"no PFF years yet, combine (no 40)",Huge arm; traded to DAL as developmental backup
Bryce Young,Alabama,2023,1,1,provisional,2,0.0,3,0.1751376437177228,0.5288333846066327,1.4819220566755795,60.0,Career total production (PPA); Career PPA per play; Passing-down efficiency (final yr),Weight/frame; College seasons (age/declare proxy); Power-5 competition,"no PFF years yet, combine (no 40)","Historically bad rookie year, benched 2024, encouraging revival late 2024 into 2025; trajectory up but not established"
Mac Jones,Alabama,2021,1,15,final,2,0.0,4,0.17447422866931464,0.1921622080693329,1.7957100799104695,59.2,Passing-down efficiency (final yr); Broad-jump explosiveness; 40-yard speed,Weight/frame; College seasons (age/declare proxy); Career total production (PPA),"no PFF years yet, combine","Pro Bowl-alternate rookie year, cratered 2022-23; valuable 2025 relief/starter stretch for SF"
Cole McDonald,Hawaii,2020,7,224,final,0,0.0,0,0.17137184030102906,0.09920809314924131,1.3647288029307658,58.3,Broad-jump explosiveness; Career total production (PPA); Power-5 competition,Career PPA per play; Weight/frame; College seasons (age/declare proxy),"no PFF years yet, combine",Never appeared in a regular-season game
Zach Wilson,BYU,2021,1,2,final,0,0.0,2,0.1619899361120957,0.39527784024040574,1.4571734921678756,57.5,Passing-down efficiency (final yr); Career PPA per play; Career total production (PPA),Weight/frame; College seasons (age/declare proxy); Power-5 competition,"no PFF years yet, combine (no 40)","33 poor starts for NYJ, benched repeatedly; backup journeyman (DEN/MIA) — major bust at #2"
Jeff Driskel,Louisiana Tech,2016,6,207,final,1,0.0,0,0.16100119834212562,0.07461209979436421,1.6804767321069867,56.7,Broad-jump explosiveness; Weight/frame; College seasons (age/declare proxy),Career total production (PPA); Career PPA per play,"has PFF, combine","Journeyman backup with spot starts (CIN/DET/HOU), also used as TE/gadget"
Dwayne Haskins,Ohio State,2019,1,15,final,0,0.0,0,0.15356251305537857,0.19006963050915437,1.4460608121739664,55.8,Weight/frame; College seasons (age/declare proxy); Passing-down efficiency (final yr),Career total production (PPA); 40-yard speed; Power-5 competition,"no PFF years yet, combine","13 starts over 2 seasons, cut by WAS; died tragically April 2022"
Jameis Winston,Florida State,2015,1,1,final,2,0.0,5,0.1502892679027042,0.42614663945825976,1.6105974563631351,55.0,College seasons (age/declare proxy); Career PPA per play; Passing-down efficiency (final yr),Career total production (PPA); Power-5 competition,"has PFF, no combine testing","5 seasons as TB starter incl 5000-yd 2019, 30-INT season; journeyman backup since (NO/CLE/NYG)"
Sam Darnold,USC,2018,1,3,final,3,1.0,6,0.14323762808124493,0.34994530978654914,1.2067686231585637,54.2,Career PPA per play; College seasons (age/declare proxy); Career total production (PPA),Broad-jump explosiveness; Passing-down efficiency (final yr); Power-5 competition,"no PFF years yet, combine","Struggled NYJ/CAR, then 2024 Pro Bowl breakout (MIN 14-3), signed with SEA and kept starting at high level in 2025"
Tyler Shough,Louisville,2025,2,40,projection_target,2,,1,0.13816256326336002,0.10569637564339321,1.760416146135401,53.3,College seasons (age/declare proxy); Career PPA per play; Broad-jump explosiveness,Career total production (PPA); Weight/frame; Power-5 competition,"no PFF years yet, combine",Older rookie; became NO starter late 2025 with decent results
Brandon Allen,Arkansas,2016,6,201,final,1,0.0,0,0.1307760153666262,0.05947426460905673,1.3507502516538012,52.5,Career PPA per play; College seasons (age/declare proxy); Passing-down efficiency (final yr),Broad-jump explosiveness; Career total production (PPA); Weight/frame,"has PFF, combine","Long journeyman backup (JAX/DEN/CIN/SF), ~9 career starts"
Trey Lance,North Dakota State,2021,1,3,final,0,0.0,0,0.12999727099379696,0.387230488185499,0.9177410061643413,51.7,Power-5 competition; Weight/frame,,"no PFF years yet, combine (no 40), no CFBD PPA","SF traded 3 firsts to draft him; ~5 career starts, injuries, dealt to DAL for a 4th; backup since"
Dillon Gabriel,Oregon,2025,3,94,projection_target,1,,0,0.12487075153551805,0.06873360948277361,1.578304441118044,50.8,College seasons (age/declare proxy); Career PPA per play; Passing-down efficiency (final yr),Career total production (PPA); Weight/frame; Power-5 competition,"no PFF years yet, combine (no 40)","CLE rookie starter stretch, benched; undersized efficiency profile"
Ian Book,Notre Dame,2021,4,133,final,0,0.0,0,0.12430786001596437,0.09712626609696376,1.2676800000798178,50.0,Career total production (PPA); 40-yard speed; Passing-down efficiency (final yr),College seasons (age/declare proxy); Weight/frame; Career PPA per play,"no PFF years yet, combine","1 disastrous start, brief tenure"
Kyle McCord,Syracuse,2025,6,181,projection_target,0,,0,0.12375151239693981,0.06042336680223276,1.5115714076216011,49.2,College seasons (age/declare proxy); Career PPA per play,Career total production (PPA); Passing-down efficiency (final yr); Weight/frame,"no PFF years yet, combine (no 40)",PHI QB3/PS
Jake Fromm,Georgia,2020,5,167,final,0,0.0,0,0.12126663844848355,0.08713427004583402,0.8567669433488141,48.3,Career PPA per play; Career total production (PPA),Passing-down efficiency (final yr); Broad-jump explosiveness; 40-yard speed,"no PFF years yet, combine","Brief emergency duty, out of league"
Michael Pratt,Tulane,2024,7,245,projection_target,0,,0,0.12016625328437246,0.08472685299941858,0.7860094534688731,47.5,Career total production (PPA); Power-5 competition; Passing-down efficiency (final yr),College seasons (age/declare proxy); Career PPA per play; Weight/frame,"no PFF years yet, combine (no 40)",Cut/PS journeyman
Quinn Ewers,Texas,2025,7,231,projection_target,1,,0,0.11996815998468739,0.06700890256946986,1.2687170501443632,46.7,Career total production (PPA); Career PPA per play; Passing-down efficiency (final yr),Weight/frame; College seasons (age/declare proxy); Power-5 competition,"no PFF years yet, combine (no 40)",MIA backup; former five-star who slid to R7
Stetson Bennett,Georgia,2023,4,128,provisional,1,0.0,0,0.1132981849644945,0.0887644554170203,1.15537155415733,45.8,Career total production (PPA); Career PPA per play; Broad-jump explosiveness,Weight/frame; College seasons (age/declare proxy); Power-5 competition,"no PFF years yet, combine","Missed rookie year (personal), LAR backup since"
Drew Lock,Missouri,2019,2,42,final,1,0.0,1,0.10985122165098408,0.13642666273805149,1.2929160446389025,45.0,Career total production (PPA); Weight/frame; Passing-down efficiency (final yr),College seasons (age/declare proxy); Career PPA per play; Broad-jump explosiveness,"has PFF, combine","13 starts 2020, journeyman backup since (SEA/NYG)"
Joshua Dobbs,Tennessee,2017,4,135,final,1,0.0,1,0.10744794021339597,0.08525803668934202,1.4352960944289312,44.2,Broad-jump explosiveness; 40-yard speed; Career total production (PPA),Career PPA per play; Weight/frame; Passing-down efficiency (final yr),"has PFF, combine",Journeyman backup; 2023 'Passtronaut' stretch with 13 starts (ARI/MIN)
Kevin Hogan,Stanford,2016,5,162,final,1,0.0,0,0.10618920810185772,0.06262137748926554,1.2813779774680443,43.3,College seasons (age/declare proxy); Career PPA per play; 40-yard speed,Career total production (PPA); Weight/frame; Broad-jump explosiveness,"has PFF, combine","Handful of CLE appearances/starts, brief career"
Jake Haener,Fresno State,2023,4,127,provisional,1,0.0,0,0.10279213232409794,0.09530115008026083,0.77644691535549,42.5,Career total production (PPA); Power-5 competition; Career PPA per play,Weight/frame; College seasons (age/declare proxy); Passing-down efficiency (final yr),"no PFF years yet, combine (no 40)","NO backup, spot duty"
Gardner Minshew,Washington State,2019,6,178,final,2,0.0,3,0.10150383980186248,0.05161173525967453,1.5617382923172551,41.7,College seasons (age/declare proxy); Weight/frame; Broad-jump explosiveness,Career total production (PPA); Career PPA per play; 40-yard speed,"no PFF years yet, combine",Minshew Mania: solid bridge starter for JAX/IND (2023 Pro Bowl alternate)/LV
Cody Kessler,USC,2016,3,93,final,1,0.0,1,0.10142563986333268,0.07944380618849076,1.0683681630959938,40.8,Career PPA per play; College seasons (age/declare proxy); Career total production (PPA),Broad-jump explosiveness; 40-yard speed; Passing-down efficiency (final yr),"has PFF, combine","8 starts as 2016 rookie, out of league by 2020"
Carson Wentz,North Dakota State,2016,1,2,final,3,1.0,7,0.09956807140764497,0.2797946399757324,1.2506306905366356,40.0,College seasons (age/declare proxy); Weight/frame; Broad-jump explosiveness,Career total production (PPA),"has PFF, combine","MVP-caliber 2017, big second contract; flamed out post-2020, journeyman by 2022"
Jake Rudock,Michigan,2016,6,191,final,0,0.0,0,0.09769605136800963,0.052629669349147014,1.382038597190599,39.2,College seasons (age/declare proxy); Passing-down efficiency (final yr); Career PPA per play,Career total production (PPA); Power-5 competition,"has PFF, no combine testing","Practice-squad/3rd-string tenure, negligible action"
Jordan Travis,Florida State,2024,5,171,projection_target,0,,0,0.09466887506474089,0.08337505544590004,0.6774385176655064,38.3,Career total production (PPA); Career PPA per play; Passing-down efficiency (final yr),College seasons (age/declare proxy); Weight/frame; Power-5 competition,"no PFF years yet, combine (no 40)",Never recovered from college leg injury; medically retired
Brad Kaaya,Miami (FL),2017,6,215,final,0,0.0,0,0.09328219542614014,0.062157064304451816,1.1390309861377643,37.5,Career total production (PPA),Weight/frame; College seasons (age/declare proxy); Passing-down efficiency (final yr),"has PFF, combine (no 40)",Never appeared in a regular-season game
Max Duggan,TCU,2023,7,239,provisional,0,0.0,0,0.08976375890813566,0.06542754882338946,1.1735167199531327,36.7,Career total production (PPA); 40-yard speed; Broad-jump explosiveness,College seasons (age/declare proxy); Weight/frame; Career PPA per play,"no PFF years yet, combine",LAC PS tenure
Jordan Love,Utah State,2020,1,26,final,3,1.0,3,0.08588266273597613,0.16818431581417215,0.8582975747774324,35.8,Broad-jump explosiveness; Power-5 competition; Weight/frame,Career PPA per play; Passing-down efficiency (final yr); College seasons (age/declare proxy),"no PFF years yet, combine","Sat 3 years, then quality starter: playoff wins, $55M/yr extension"
Kenny Pickett,Pittsburgh,2022,1,20,final,1,0.0,2,0.08444737410636505,0.18890324506056252,1.0597107924855005,35.0,Career total production (PPA); Broad-jump explosiveness; Passing-down efficiency (final yr),College seasons (age/declare proxy); Career PPA per play; Weight/frame,"no PFF years yet, combine","~25 low-level starts for PIT incl 2023 playoff season, traded 2024; journeyman backup (PHI/CLE/LV)"
Shedeur Sanders,Colorado,2025,5,144,projection_target,1,,0,0.08368953527646086,0.06006362944886082,1.3340216581454745,34.2,College seasons (age/declare proxy); Passing-down efficiency (final yr),Weight/frame; Career total production (PPA); Career PPA per play,"no PFF years yet, combine (no 40)",Famous draft slide; late-2025 CLE starts with mixed results
James Morgan,Florida International,2020,4,125,final,0,0.0,0,0.0813229809182696,0.07051348468347653,0.6924882760846521,33.3,College seasons (age/declare proxy); Weight/frame; Power-5 competition,Career total production (PPA); Passing-down efficiency (final yr); Broad-jump explosiveness,"no PFF years yet, combine",Never appeared in a regular-season game
Skylar Thompson,Kansas State,2022,7,247,final,1,0.0,0,0.08005284016156662,0.05736087679986751,0.6008517970826863,32.5,Power-5 competition,Broad-jump explosiveness; Weight/frame; 40-yard speed,"no PFF years yet, combine, no CFBD PPA",MIA backup incl emergency 2022 playoff start
Josh Rosen,UCLA,2018,1,10,final,0,0.0,1,0.07986541185893115,0.2018077183686129,0.9298673496483865,31.7,Career total production (PPA); Weight/frame,Broad-jump explosiveness; Passing-down efficiency (final yr); College seasons (age/declare proxy),"has PFF, combine",13 rookie starts then traded; one of the biggest top-10 QB busts
Riley Leonard,Notre Dame,2025,6,189,projection_target,1,,0,0.07020119740496232,0.04050161356518132,1.3458391587569376,30.8,College seasons (age/declare proxy); Career PPA per play,Career total production (PPA); Weight/frame; Power-5 competition,"no PFF years yet, combine (no 40)",IND backup
Davis Webb,California,2017,3,87,final,1,0.0,0,0.06557745064003274,0.07161992883255783,1.0527688749619746,30.0,Broad-jump explosiveness; Weight/frame; 40-yard speed,Career total production (PPA); Career PPA per play; Passing-down efficiency (final yr),"has PFF, combine","Career backup, 1 late-season start; moved into coaching"
DeShone Kizer,Notre Dame,2017,2,52,final,0,0.0,1,0.0609241759422957,0.07129895894880339,1.0675926695645497,29.2,Weight/frame; College seasons (age/declare proxy),Broad-jump explosiveness; Career total production (PPA); Career PPA per play,"has PFF, combine","15 rough starts as 2017 rookie (0-15 team), effectively done after"
Bryce Petty,Baylor,2015,4,103,final,0,0.0,0,0.05868226589019447,0.04860442943340047,1.2277626426913917,28.3,College seasons (age/declare proxy); Career PPA per play,Career total production (PPA); Passing-down efficiency (final yr); Power-5 competition,"has PFF, no combine testing","7 career starts, out of league by 2019"
Nate Sudfeld,Indiana,2016,6,187,final,1,0.0,0,0.05256204124312902,0.034406487829816805,0.7746395660766227,27.5,Weight/frame; College seasons (age/declare proxy); Career PPA per play,Career total production (PPA); Broad-jump explosiveness; 40-yard speed,"has PFF, combine","Long-tenured PHI backup, minimal game action"
Jalen Milroe,Alabama,2025,3,92,projection_target,1,,0,0.04828659483552728,0.06929793262463527,0.5993159509191424,26.7,Career total production (PPA),College seasons (age/declare proxy); Passing-down efficiency (final yr); Weight/frame,"no PFF years yet, combine (no 40)",SEA developmental/gadget QB behind Darnold
Brett Hundley,UCLA,2015,5,147,final,1,0.0,1,0.04296596489748158,0.03408677916427789,1.1791516937378046,25.8,College seasons (age/declare proxy),Career total production (PPA); Career PPA per play; Passing-down efficiency (final yr),"has PFF, no combine testing","9 starts for GB in 2017 (Rodgers injury), backup career after"
Ryan Finley,NC State,2019,4,104,final,0,0.0,0,0.04206610768796146,0.0669537810022063,0.6795307987716497,25.0,Career total production (PPA); Broad-jump explosiveness; Passing-down efficiency (final yr),College seasons (age/declare proxy); Career PPA per play; Weight/frame,"has PFF, combine","Handful of starts, out by 2022"
Kyle Lauletta,Richmond,2018,4,108,final,0,0.0,0,0.03784801417482687,0.03221257609496646,0.5898064902106239,24.2,Passing-down efficiency (final yr); College seasons (age/declare proxy); Power-5 competition,Career total production (PPA); Broad-jump explosiveness; 40-yard speed,"has PFF, combine",Negligible action
Jacoby Brissett,NC State,2016,3,91,final,2,0.0,3,0.036355616282063595,0.04987453280865608,0.8170749518745142,23.3,Weight/frame; College seasons (age/declare proxy),Career total production (PPA); Career PPA per play; Passing-down efficiency (final yr),"has PFF, combine","Quintessential bridge starter: IND 2017/2019, CLE 2022; ~50 career starts, respected backup-plus"
Aidan O'Connell,Purdue,2023,4,135,provisional,1,0.0,1,0.03577094865363049,0.052446706447864394,0.5012537488350906,22.5,Career total production (PPA),College seasons (age/declare proxy); Weight/frame; Career PPA per play,"no PFF years yet, combine (no 40)","~16 starts across 2023-24 as competent placeholder, backup 2025"
Jarrett Stidham,Auburn,2019,4,133,final,1,0.0,0,0.03560188683933874,0.04285780337112186,0.5010971745755699,21.7,Career PPA per play,Career total production (PPA); Broad-jump explosiveness; Passing-down efficiency (final yr),"has PFF, combine",Multi-year backup (NE/LV/DEN) with occasional starts
Jacob Eason,Washington,2020,4,122,final,0,0.0,0,0.031647430096379485,0.03095938625542715,0.9112284716236028,20.8,College seasons (age/declare proxy); Weight/frame,Career total production (PPA); Broad-jump explosiveness; Career PPA per play,"no PFF years yet, combine","Negligible action, quickly out"
Will Grier,West Virginia,2019,3,100,final,0,0.0,0,0.029518172716012623,0.043764076453945144,0.5323881988408776,20.0,,Career total production (PPA); Broad-jump explosiveness; Career PPA per play,"has PFF, combine","2 rookie starts, journeyman 3rd QB"
Mike White,Western Kentucky,2018,5,171,final,1,0.0,0,0.029382803630613682,0.03578038959619736,0.0,19.2,Career total production (PPA); Power-5 competition; Weight/frame,Broad-jump explosiveness; 40-yard speed; Career PPA per play,"has PFF, combine","NYJ folk-hero moment 2021, MIA backup after"
Luke Falk,Washington State,2018,6,199,final,0,0.0,0,0.02928962514292694,0.03911321570467705,0.4617509843521569,18.3,Career total production (PPA),Broad-jump explosiveness; College seasons (age/declare proxy); Career PPA per play,"has PFF, combine (no 40)","3 appearances with NYJ, brief career"
Cardale Jones,Ohio State,2016,4,139,final,0,0.0,0,0.027800612265873513,0.027656814352532488,0.896147458662528,17.5,Weight/frame; College seasons (age/declare proxy),Career total production (PPA); Career PPA per play; Passing-down efficiency (final yr),"has PFF, combine","Barely played, out of league quickly"
Trace McSorley,Penn State,2019,7,197,final,0,0.0,0,0.027005458545596966,0.041807811325089525,0.5798235300251539,16.7,Career total production (PPA); 40-yard speed; Broad-jump explosiveness,Weight/frame; College seasons (age/declare proxy); Career PPA per play,"has PFF, combine","Minimal action, brief journeyman run"
Nate Stanley,Iowa,2020,7,244,final,0,0.0,0,0.026762697836198068,0.029531161203130214,0.40130503492630165,15.8,Weight/frame; Career total production (PPA),College seasons (age/declare proxy); Career PPA per play; Broad-jump explosiveness,"no PFF years yet, combine",Never appeared in a regular-season game
Spencer Rattler,South Carolina,2024,5,150,projection_target,1,,1,0.023052739607165453,0.029831688326303594,0.5128544932045211,15.0,College seasons (age/declare proxy),Career total production (PPA); Broad-jump explosiveness; Weight/frame,"no PFF years yet, combine",Default starter stretches on rebuilding NO
Devin Leary,Kentucky,2024,6,218,projection_target,0,,0,0.021970279250080497,0.020552856961348818,0.8314542763719273,14.2,College seasons (age/declare proxy),Career total production (PPA); Career PPA per play; Passing-down efficiency (final yr),"no PFF years yet, combine (no 40)",PS tenure
Daniel Jones,Duke,2019,1,6,final,2,0.0,6,0.019709195573439024,0.1270321458020778,0.7593941550312836,13.3,Broad-jump explosiveness; Weight/frame,Career PPA per play; Career total production (PPA); Passing-down efficiency (final yr),"no PFF years yet, combine","Up-and-down NYG tenure incl 2022 playoff win + big extension, benched/cut 2024; notable 2025 resurgence as IND starter"
Nathan Peterman,Pittsburgh,2017,5,171,final,1,0.0,0,0.01802676357047943,0.02407183525911148,0.5749685389426318,12.5,Weight/frame,Career PPA per play; Career total production (PPA); Broad-jump explosiveness,"has PFF, combine",Infamous INT rate; persisted for years as 3rd QB
Danny Etling,LSU,2018,7,219,final,0,0.0,0,0.017160732338056966,0.02147552284742295,0.5235440173058471,11.7,Weight/frame; 40-yard speed,Career total production (PPA); Career PPA per play; College seasons (age/declare proxy),"has PFF, combine","Practice-squad journeyman, converted athlete"
Clayton Thorson,Northwestern,2019,5,167,final,0,0.0,0,0.014190465737060516,0.02764823951515093,0.3418502096151428,10.8,Weight/frame; Career total production (PPA),Career PPA per play; College seasons (age/declare proxy); Passing-down efficiency (final yr),"has PFF, combine (no 40)",Never appeared in a regular-season game
Graham Mertz,Florida,2025,6,197,projection_target,0,,0,0.013975677355270237,0.022206477155784464,0.23371657933574586,10.0,College seasons (age/declare proxy),Career total production (PPA); Passing-down efficiency (final yr); Weight/frame,"no PFF years yet, combine (no 40)",Drafted off ACL tear; developmental backup
Alex McGough,Florida International,2018,7,220,final,0,0.0,0,0.013565751609394678,0.0232527563328097,0.03655905783185842,9.2,Power-5 competition; Passing-down efficiency (final yr),Career PPA per play; College seasons (age/declare proxy); Career total production (PPA),"has PFF, no combine testing",No meaningful NFL action; later UFL MVP
Tanner McKee,Stanford,2023,6,188,provisional,1,0.0,0,0.013211124800717141,0.020015442818680198,0.34405175172234503,8.3,Weight/frame,Career total production (PPA); Career PPA per play; Passing-down efficiency (final yr),"no PFF years yet, combine (no 40)","Impressive PHI spot starts, valued backup"
C.J. Beathard,Iowa,2017,3,104,final,1,0.0,0,0.010517672057536233,0.026408298096871397,0.18268777205072295,7.5,,Career total production (PPA); Career PPA per play; Passing-down efficiency (final yr),"has PFF, combine (no 40)",~12 career starts across SF/JAX as backup
Jaren Hall,BYU,2023,5,164,provisional,0,0.0,0,0.009958176364333365,0.02217099901864871,0.2052092700796886,6.7,,Career PPA per play; College seasons (age/declare proxy); Weight/frame,"no PFF years yet, combine (no 40)","Brief MIN action, PS journeyman"
Jake Luton,Oregon State,2020,6,189,final,0,0.0,0,0.007754674325986133,0.016744972021739944,0.0,5.8,Weight/frame,Career PPA per play; Career total production (PPA); College seasons (age/declare proxy),"has PFF, combine (no 40)","3 starts 2020, journeyman PS after"
Sean Mannion,Oregon State,2015,3,89,final,1,0.0,0,0.005571550763374553,0.014549217807559214,0.5623881042920607,5.0,College seasons (age/declare proxy),Career total production (PPA); Career PPA per play; Passing-down efficiency (final yr),"has PFF, no combine testing","Long-tenured backup (LAR/MIN/SEA), minimal starts"
Easton Stick,North Dakota State,2019,5,166,final,1,0.0,0,0.005064061501467157,0.012482972950172085,0.2747758643084022,4.2,College seasons (age/declare proxy); Broad-jump explosiveness; Power-5 competition,Career total production (PPA); Career PPA per play; Passing-down efficiency (final yr),"has PFF, combine","Long LAC backup tenure, few starts"
Christian Hackenberg,Penn State,2016,2,51,final,0,0.0,0,0.004073117791722041,0.017838673842365947,0.2661928809824031,3.3,College seasons (age/declare proxy); Weight/frame; 40-yard speed,Career total production (PPA); Career PPA per play; Passing-down efficiency (final yr),"has PFF, combine",Never appeared in an NFL regular-season game
Trevor Siemian,Northwestern,2015,7,250,final,1,0.0,2,0.003150589112824405,0.006848082551732519,0.3485549128427654,2.5,College seasons (age/declare proxy),Career total production (PPA); Career PPA per play; Passing-down efficiency (final yr),"has PFF, no combine testing","Started ~24 games for DEN 2016-17, journeyman backup since"
Tanner Lee,Nebraska,2018,6,203,final,0,0.0,0,0.00231795493303495,0.008583557190977944,0.0,1.7,Broad-jump explosiveness,Career PPA per play; Career total production (PPA); Passing-down efficiency (final yr),"has PFF, combine",Never appeared in a regular-season game
Davis Mills,Stanford,2021,3,67,final,1,0.0,2,0.0017610453421749773,0.008594633483524398,0.15042077696779366,0.8,Passing-down efficiency (final yr),Career PPA per play; Career total production (PPA); Broad-jump explosiveness,"no PFF years yet, combine","26 default starts on bad HOU teams 2021-22, competent backup since"
